InputSequence Length,Channel Flip Prob,Context Length,Markov Transition Probabilities,No. of Errors,No of changes by DUDE,Number of right changes,fraction of changes,fraction of right changes,net Correction,Coverage Depth,Ratio,Alpha
0,0.05,8,-1.0,3894,1484,1484,0.381,0.381,0.381,80,-1,1
0,0.05,7,-1.0,3894,1672,1671,0.429,0.429,0.429,80,-1,1
0,0.05,6,-1.0,966,520,495,0.538,0.512,0.486,20,-1
0,0.05,5,-1.0,966,604,548,0.625,0.567,0.5089999999999999,20,-1
0,0.05,4,-1.0,966,1027,615,1.062,0.636,0.20999999999999996,20,-1
0,0.05,3,-1.0,966,3694,650,3.82,0.672,-2.476,20,-1
0,0.05,2,-1.0,966,10305,414,10.657,0.428,-9.801,20,-1
